{"cameraMode":{"drawMode":0,"name":"Shaded","section":"Shading Mode"},"sceneLighting":true,"audioPlay":false,"sceneViewState":{"showFog":true,"showMaterialUpdate":false,"showSkybox":true,"showFlares":true,"showImageEffects":true,"showParticleSystems":true},"in2DMode":false,"pivot":{"x":2.596954822540283,"y":3.275106430053711,"z":12.638814926147461},"rotation":{"x":-0.35881149768829348,"y":0.06070062890648842,"z":-0.02339083142578602,"w":-0.9311405420303345},"size":26.89907455444336,"orthographic":false}