{"cameraMode":{"drawMode":0,"name":"Shaded","section":"Shading Mode"},"sceneLighting":false,"audioPlay":false,"sceneViewState":{"showFog":true,"showMaterialUpdate":false,"showSkybox":true,"showFlares":true,"showImageEffects":true,"showParticleSystems":true},"in2DMode":false,"pivot":{"x":-32.80893325805664,"y":2.3889360427856447,"z":-22.398941040039064},"rotation":{"x":-0.3954169750213623,"y":0.03360295295715332,"z":-0.014477832242846489,"w":-0.9177727103233337},"size":6.495147705078125,"orthographic":false}