{"cameraMode":{"drawMode":0,"name":"Shaded","section":"Shading Mode"},"sceneLighting":false,"audioPlay":false,"sceneViewState":{"showFog":true,"showMaterialUpdate":false,"showSkybox":true,"showFlares":true,"showImageEffects":true,"showParticleSystems":true},"in2DMode":false,"pivot":{"x":0.19106531143188477,"y":0.7991824150085449,"z":0.601058304309845},"rotation":{"x":-0.3802940547466278,"y":-0.028573844581842424,"z":0.01175589207559824,"w":-0.9243493676185608},"size":7.5447845458984379,"orthographic":false}