{"cameraMode":{"drawMode":0,"name":"Shaded","section":"Shading Mode"},"sceneLighting":false,"audioPlay":false,"sceneViewState":{"showFog":true,"showMaterialUpdate":false,"showSkybox":true,"showFlares":true,"showImageEffects":true,"showParticleSystems":true},"in2DMode":false,"pivot":{"x":-29.49068832397461,"y":2.238936185836792,"z":-22.36568832397461},"rotation":{"x":-0.3954169750213623,"y":0.03360295295715332,"z":-0.014477832242846489,"w":-0.9177727103233337},"size":7.964717864990234,"orthographic":false}