{"cameraMode":{"drawMode":0,"name":"Shaded","section":"Shading Mode"},"sceneLighting":false,"audioPlay":false,"sceneViewState":{"showFog":true,"showMaterialUpdate":false,"showSkybox":true,"showFlares":true,"showImageEffects":true,"showParticleSystems":true},"in2DMode":false,"pivot":{"x":24.9999942779541,"y":0.016821466386318208,"z":25.000028610229493},"rotation":{"x":-0.38463306427001955,"y":0.000551382196135819,"z":-0.00022974921739660203,"w":-0.9230693578720093},"size":116.6730728149414,"orthographic":false}