{"cameraMode":{"drawMode":0,"name":"Shaded","section":"Shading Mode"},"sceneLighting":true,"audioPlay":false,"sceneViewState":{"showFog":true,"showMaterialUpdate":false,"showSkybox":true,"showFlares":true,"showImageEffects":true,"showParticleSystems":true},"in2DMode":false,"pivot":{"x":-11.370294570922852,"y":-12.667562484741211,"z":-4.111675262451172},"rotation":{"x":-0.44232210516929629,"y":-0.09200628846883774,"z":0.04567744582891464,"w":-0.890954315662384},"size":43.98759841918945,"orthographic":false}