{"cameraMode":{"drawMode":0,"name":"Shaded","section":"Shading Mode"},"sceneLighting":false,"audioPlay":false,"sceneViewState":{"showFog":true,"showMaterialUpdate":false,"showSkybox":true,"showFlares":true,"showImageEffects":true,"showParticleSystems":true},"in2DMode":false,"pivot":{"x":-29.808935165405275,"y":2.238936185836792,"z":-19.398941040039064},"rotation":{"x":-0.3741183876991272,"y":-0.060588687658309939,"z":0.024503178894519807,"w":-0.9250751733779907},"size":7.964717388153076,"orthographic":false}