{"cameraMode":{"drawMode":0,"name":"Shaded","section":"Shading Mode"},"sceneLighting":false,"audioPlay":false,"sceneViewState":{"showFog":true,"showMaterialUpdate":false,"showSkybox":true,"showFlares":true,"showImageEffects":true,"showParticleSystems":true},"in2DMode":false,"pivot":{"x":-29.808935165405275,"y":2.238936185836792,"z":-19.398941040039064},"rotation":{"x":-0.1819678246974945,"y":0.0580737441778183,"z":-0.010766377672553063,"w":-0.9815290570259094},"size":7.964717388153076,"orthographic":false}